{"cameraMode":{"drawMode":0,"name":"Shaded","section":"Shading Mode"},"sceneLighting":false,"audioPlay":false,"sceneViewState":{"showFog":true,"showMaterialUpdate":true,"showSkybox":false,"showFlares":true,"showImageEffects":true,"showParticleSystems":true,"showVisualEffectGraphs":true,"m_FxEnabled":true},"in2DMode":false,"pivot":{"x":-3.8199193477630617,"y":0.132403165102005,"z":0.20914146304130555},"rotation":{"x":-0.0008684421773068607,"y":0.7377574443817139,"z":0.0009131036349572241,"w":0.6748793721199036},"size":0.8581160306930542,"orthographic":true}