{"cameraMode":{"drawMode":0,"name":"Shaded","section":"Shading Mode"},"sceneLighting":false,"audioPlay":false,"sceneViewState":{"showFog":true,"showMaterialUpdate":false,"showSkybox":false,"showFlares":true,"showImageEffects":true,"showParticleSystems":true,"showVisualEffectGraphs":true,"m_FxEnabled":true},"in2DMode":false,"pivot":{"x":-1.0737090110778809,"y":4.159999847412109,"z":-7.024294853210449},"rotation":{"x":-0.012729980051517487,"y":0.9869846701622009,"z":0.10703063756227493,"w":0.11903991550207138},"size":14.632119178771973,"orthographic":false}