{"cameraMode":{"drawMode":0,"name":"Shaded","section":"Shading Mode"},"sceneLighting":true,"audioPlay":false,"sceneViewState":{"showFog":true,"showMaterialUpdate":false,"showSkybox":true,"showFlares":true,"showImageEffects":true,"showParticleSystems":true,"showVisualEffectGraphs":true,"m_FxEnabled":true},"in2DMode":false,"pivot":{"x":8.986486434936524,"y":8.79180908203125,"z":-3.0386922359466554},"rotation":{"x":0.016358304768800737,"y":0.13040481507778169,"z":-0.002151716500520706,"w":0.9913195371627808},"size":2.8689334392547609,"orthographic":false}