{"cameraMode":{"drawMode":0,"name":"Shaded","section":"Shading Mode"},"sceneLighting":false,"audioPlay":false,"sceneViewState":{"showFog":true,"showMaterialUpdate":true,"showSkybox":false,"showFlares":true,"showImageEffects":true,"showParticleSystems":true,"showVisualEffectGraphs":true,"m_FxEnabled":true},"in2DMode":false,"pivot":{"x":182.6987762451172,"y":24.280181884765626,"z":-127.56086730957031},"rotation":{"x":0.17723175883293153,"y":0.16914448142051698,"z":-0.03092282824218273,"w":0.9690073728561401},"size":224.66302490234376,"orthographic":false}