{"cameraMode":{"drawMode":0,"name":"Shaded","section":"Shading Mode"},"sceneLighting":false,"audioPlay":false,"sceneViewState":{"showFog":true,"showMaterialUpdate":false,"showSkybox":false,"showFlares":true,"showImageEffects":true,"showParticleSystems":true,"showVisualEffectGraphs":true,"m_FxEnabled":true},"in2DMode":false,"pivot":{"x":10.097599029541016,"y":7.601152420043945,"z":-5.0302863121032719},"rotation":{"x":-0.009304533712565899,"y":0.46334588527679446,"z":0.004865190479904413,"w":0.8861143589019775},"size":1.0689337253570557,"orthographic":false}