{"cameraMode":{"drawMode":0,"name":"Shaded","section":"Shading Mode"},"sceneLighting":false,"audioPlay":false,"sceneViewState":{"showFog":true,"showMaterialUpdate":false,"showSkybox":false,"showFlares":true,"showImageEffects":true,"showParticleSystems":true,"showVisualEffectGraphs":true,"m_FxEnabled":true},"in2DMode":false,"pivot":{"x":-0.010924816131591797,"y":2.682699680328369,"z":0.8045051097869873},"rotation":{"x":-0.044943761080503467,"y":0.9110137224197388,"z":-0.10320927202701569,"w":-0.39671242237091067},"size":3.709848165512085,"orthographic":false}