{"cameraMode":{"drawMode":0,"name":"Shaded","section":"Shading Mode"},"sceneLighting":false,"audioPlay":false,"sceneViewState":{"showFog":true,"showMaterialUpdate":true,"showSkybox":false,"showFlares":true,"showImageEffects":true,"showParticleSystems":true,"showVisualEffectGraphs":true,"m_FxEnabled":true},"in2DMode":false,"pivot":{"x":-11.552569389343262,"y":2.145689010620117,"z":0.00348663330078125},"rotation":{"x":0.002000004518777132,"y":-0.9979796409606934,"z":-0.04943499341607094,"w":-0.0381828136742115},"size":3.7749171257019045,"orthographic":false}