{"cameraMode":{"drawMode":0,"name":"Shaded","section":"Shading Mode"},"sceneLighting":false,"audioPlay":false,"sceneViewState":{"showFog":true,"showMaterialUpdate":true,"showSkybox":false,"showFlares":true,"showImageEffects":true,"showParticleSystems":true,"showVisualEffectGraphs":true,"m_FxEnabled":true},"in2DMode":false,"pivot":{"x":-0.03383207321166992,"y":-0.5589199066162109,"z":-0.5285086035728455},"rotation":{"x":0.020857108756899835,"y":0.7230924367904663,"z":-0.021884437650442125,"w":0.6899082660675049},"size":2.0660252571105959,"orthographic":false}