{"cameraMode":{"drawMode":0,"name":"Shaded","section":"Shading Mode"},"sceneLighting":true,"audioPlay":false,"sceneViewState":{"showFog":true,"showMaterialUpdate":false,"showSkybox":true,"showFlares":true,"showImageEffects":true,"showParticleSystems":true,"showVisualEffectGraphs":true,"m_FxEnabled":true},"in2DMode":false,"pivot":{"x":14.397859573364258,"y":5.828075408935547,"z":-27.829254150390626},"rotation":{"x":0.11976633220911026,"y":-0.3469816744327545,"z":0.044418465346097949,"w":0.9290775060653687},"size":4.699977874755859,"orthographic":false}