{"cameraMode":{"drawMode":0,"name":"Shaded","section":"Shading Mode"},"sceneLighting":false,"audioPlay":false,"sceneViewState":{"showFog":true,"showMaterialUpdate":false,"showSkybox":false,"showFlares":true,"showImageEffects":true,"showParticleSystems":true,"showVisualEffectGraphs":true,"m_FxEnabled":true},"in2DMode":false,"pivot":{"x":0.0004336833953857422,"y":0.8914093375205994,"z":-0.04037877917289734},"rotation":{"x":-0.0922107994556427,"y":-0.7469684481620789,"z":0.1060393676161766,"w":-0.6497074961662293},"size":3.6247446537017824,"orthographic":true}