{"cameraMode":{"drawMode":0,"name":"Shaded","section":"Shading Mode"},"sceneLighting":false,"audioPlay":false,"sceneViewState":{"showFog":true,"showMaterialUpdate":false,"showSkybox":false,"showFlares":true,"showImageEffects":true,"showParticleSystems":true,"showVisualEffectGraphs":true,"m_FxEnabled":true},"in2DMode":false,"pivot":{"x":3.889603614807129,"y":1.9601222276687623,"z":1.456273078918457},"rotation":{"x":0.014602746814489365,"y":-0.7185245752334595,"z":0.015090014785528183,"w":0.6951960921287537},"size":3.7749171257019045,"orthographic":true}