{"cameraMode":{"drawMode":0,"name":"Shaded","section":"Shading Mode"},"sceneLighting":false,"audioPlay":false,"sceneViewState":{"showFog":true,"showMaterialUpdate":false,"showSkybox":false,"showFlares":true,"showImageEffects":true,"showParticleSystems":true,"showVisualEffectGraphs":true,"m_FxEnabled":true},"in2DMode":false,"pivot":{"x":16.915000915527345,"y":-2.2690000534057619,"z":579.3569946289063},"rotation":{"x":-0.01321681123226881,"y":0.20284968614578248,"z":-0.0027437605895102026,"w":-0.9790713787078857},"size":6.928203105926514,"orthographic":false}