{"cameraMode":{"drawMode":0,"name":"Shaded","section":"Shading Mode"},"sceneLighting":false,"audioPlay":false,"sceneViewState":{"showFog":true,"showMaterialUpdate":true,"showSkybox":false,"showFlares":true,"showImageEffects":true,"showParticleSystems":true,"showVisualEffectGraphs":true,"m_FxEnabled":true},"in2DMode":false,"pivot":{"x":3.889603614807129,"y":1.9601222276687623,"z":1.456273078918457},"rotation":{"x":0.02780604176223278,"y":0.6329160332679749,"z":-0.022852828726172448,"w":0.7733343839645386},"size":3.7749171257019045,"orthographic":false}