{"cameraMode":{"drawMode":0,"name":"Shaded","section":"Shading Mode"},"sceneLighting":false,"audioPlay":false,"sceneViewState":{"showFog":true,"showMaterialUpdate":true,"showSkybox":false,"showFlares":true,"showImageEffects":true,"showParticleSystems":true,"showVisualEffectGraphs":true,"m_FxEnabled":true},"in2DMode":false,"pivot":{"x":31.795230865478517,"y":-3.5814297199249269,"z":145.11215209960938},"rotation":{"x":0.04298471286892891,"y":-0.8557569980621338,"z":0.07205381989479065,"w":0.5105236172676086},"size":3.2250969409942629,"orthographic":false}