{"cameraMode":{"drawMode":0,"name":"Shaded","section":"Shading Mode"},"sceneLighting":false,"audioPlay":false,"sceneViewState":{"showFog":true,"showMaterialUpdate":false,"showSkybox":false,"showFlares":true,"showImageEffects":true,"showParticleSystems":true,"showVisualEffectGraphs":true,"m_FxEnabled":true},"in2DMode":false,"pivot":{"x":15.518112182617188,"y":-0.749616265296936,"z":5.162034511566162},"rotation":{"x":-0.044167984277009967,"y":0.6751348972320557,"z":0.040557656437158588,"w":0.7352599501609802},"size":0.5600274801254273,"orthographic":false}