{"cameraMode":{"drawMode":0,"name":"Shaded","section":"Shading Mode"},"sceneLighting":false,"audioPlay":false,"sceneViewState":{"showFog":true,"showMaterialUpdate":true,"showSkybox":false,"showFlares":true,"showImageEffects":true,"showParticleSystems":true,"showVisualEffectGraphs":true,"m_FxEnabled":true},"in2DMode":false,"pivot":{"x":17.56764030456543,"y":0.4918917417526245,"z":1.5467711687088013},"rotation":{"x":0.17507164180278779,"y":0.10521015524864197,"z":-0.018808357417583467,"w":0.9787441492080689},"size":0.9120495915412903,"orthographic":false}