{"cameraMode":{"drawMode":0,"name":"Shaded","section":"Shading Mode"},"sceneLighting":false,"audioPlay":false,"sceneViewState":{"showFog":true,"showMaterialUpdate":true,"showSkybox":false,"showFlares":true,"showImageEffects":true,"showParticleSystems":true,"showVisualEffectGraphs":true,"m_FxEnabled":true},"in2DMode":false,"pivot":{"x":-4.913997173309326,"y":3.383077383041382,"z":0.22695092856884004},"rotation":{"x":0.023852184414863588,"y":0.774959921836853,"z":-0.029326606541872026,"w":0.6309808492660523},"size":1.0862780809402466,"orthographic":false}