{"cameraMode":{"drawMode":0,"name":"Shaded","section":"Shading Mode"},"sceneLighting":false,"audioPlay":false,"sceneViewState":{"showFog":true,"showMaterialUpdate":false,"showSkybox":false,"showFlares":true,"showImageEffects":true,"showParticleSystems":true,"showVisualEffectGraphs":true,"m_FxEnabled":true},"in2DMode":false,"pivot":{"x":16.92461395263672,"y":0.49702757596969607,"z":1.5648168325424195},"rotation":{"x":0.19611498713493348,"y":-0.07611069828271866,"z":0.015270418487489224,"w":0.9775048494338989},"size":0.9120495915412903,"orthographic":false}